<?xml version = "1.0" encoding = "utf-8"?>

<extension type = "module" version = "3.1.0" client = "site" method="upgrade">

   <name>Hello, Seymi!</name>
   <author>Tutorials Point</author>
   <version>1.0.0</version>
   <description>A simple Hello Seymi! module.</description>

   <files>
      <filename>mod_helloseymi.xml</filename>
      <filename module = "mod_helloseymi">mod_helloseymi.php</filename>
      <filename>index.html</filename>
      <filename>helper.php</filename>
      <filename>tmpl/default.php</filename>
      <filename>tmpl/index.html</filename>
   </files>

   <config>
   </config>

</extension>
