<?xml version="1.0" encoding="utf-8"?>
<metadata>
    <layout title="COM_CUSTOMPAGE_MENU_HELLO_TITLE">
        <message><![CDATA[COM_CUSTOMPAGE_MENU_HELLO_DESC]]></message>
    </layout>
    <fields name="request">
        <fieldset name="request">
            <field name="greetingType"
                   type="list"
                   label="COM_CUSTOMPAGE_MENU_HELLO_PARAM_LABEL"
                   description="COM_CUSTOMPAGE_MENU_HELLO_PARAM_DESC"
                   default="1">
                <option value="1"><![CDATA[COM_CUSTOMPAGE_MENU_HELLO_PARAM_VALUE_HELLO]]></option>
                <option value="2"><![CDATA[COM_CUSTOMPAGE_MENU_HELLO_PARAM_VALUE_GOODBYE]]></option>
            </field>
        </fieldset>
    </fields>
</metadata>
